{"cameraMode":{"drawMode":0,"name":"Shaded","section":"Shading Mode"},"sceneLighting":false,"audioPlay":false,"sceneViewState":{"showFog":true,"showMaterialUpdate":true,"showSkybox":true,"showFlares":true,"showImageEffects":true,"showParticleSystems":true},"in2DMode":false,"pivot":{"x":45.778839111328128,"y":-3.2203986644744875,"z":-188.86395263671876},"rotation":{"x":-0.0016303539741784335,"y":0.9983513951301575,"z":0.03745574876666069,"w":0.04345567524433136},"size":190.62643432617188,"orthographic":false}